Name,Chip manufacturer,Start date,End date,Compute estimate in H100e (median),Compute estimate in H100e (5th percentile),Compute estimate in H100e (95th percentile),Number of units (5th percentile),Number of units (median),Number of units (95th percentile),Power in MW (5th percentile),Power in MW (median),Power in MW (95th percentile),Notes,Incomplete
Nvidia total Q1 2022 to Q1 2022,Nvidia,2022-01-01,2022-03-31,66883,51547.0,87166.0,163481.0,212120,276445.0,65.0,84.0,110.0,Estimates generated on: 08-27-2026 15:06,
Nvidia total Q1 2022 to Q2 2022,Nvidia,2022-01-01,2022-06-30,138356,106631.0,180312.0,338178.0,438794,571857.0,135.0,175.0,228.0,Estimates generated on: 08-27-2026 15:06,
Nvidia total Q1 2022 to Q3 2022,Nvidia,2022-01-01,2022-09-30,212491,164835.0,275493.0,510311.0,660293,859279.0,205.0,265.0,345.0,Estimates generated on: 08-27-2026 15:06,
Nvidia total Q1 2022 to Q4 2022,Nvidia,2022-01-01,2022-12-31,289671,229850.0,368288.0,652476.0,834843,1075296.0,271.0,345.0,443.0,Estimates generated on: 08-27-2026 15:06,
Nvidia total Q1 2022 to Q1 2023,Nvidia,2022-01-01,2023-03-31,381697,309538.0,474338.0,782266.0,987607,1256734.0,340.0,426.0,537.0,Estimates generated on: 08-27-2026 15:06,
Nvidia total Q1 2022 to Q2 2023,Nvidia,2022-01-01,2023-06-30,594337,492861.0,717198.0,1019995.0,1263182,1577086.0,484.0,590.0,725.0,Estimates generated on: 08-27-2026 15:06,
Nvidia total Q1 2022 to Q3 2023,Nvidia,2022-01-01,2023-09-30,938873,786301.0,1111306.0,1364646.0,1662865,2036044.0,703.0,847.0,1018.0,Estimates generated on: 08-27-2026 15:06,
Nvidia total Q1 2022 to Q4 2023,Nvidia,2022-01-01,2023-12-31,1391249,1170842.0,1634022.0,1769587.0,2132549,2568891.0,978.0,1168.0,1386.0,Estimates generated on: 08-27-2026 15:06,
Nvidia total Q1 2022 to Q1 2024,Nvidia,2022-01-01,2024-03-31,1965484,1652516.0,2301782.0,2361593.0,2828571,3357378.0,1355.0,1611.0,1897.0,Estimates generated on: 08-27-2026 15:06,
Nvidia total Q1 2022 to Q2 2024,Nvidia,2022-01-01,2024-06-30,2649128,2232381.0,3103654.0,3109435.0,3707748,4373077.0,1818.0,2160.0,2536.0,Estimates generated on: 08-27-2026 15:06,
Nvidia total Q1 2022 to Q3 2024,Nvidia,2022-01-01,2024-09-30,3483078,2936472.0,4082903.0,4016624.0,4779964,5623557.0,2381.0,2826.0,3308.0,Estimates generated on: 08-27-2026 15:06,
Nvidia total Q1 2022 to Q4 2024,Nvidia,2022-01-01,2024-12-31,4724425,4009641.0,5501653.0,5047111.0,5992099,7022524.0,3108.0,3675.0,4285.0,Estimates generated on: 08-27-2026 15:06,
Nvidia total Q1 2022 to Q1 2025,Nvidia,2022-01-01,2025-03-31,6418210,5510214.0,7413372.0,6107052.0,7206283,8411336.0,3984.0,4678.0,5425.0,Estimates generated on: 08-27-2026 15:06,
Nvidia total Q1 2022 to Q2 2025,Nvidia,2022-01-01,2025-06-30,8317762,7190712.0,9551129.0,7012638.0,8245499,9597308.0,4917.0,5722.0,6601.0,Estimates generated on: 08-27-2026 15:06,
Nvidia total Q1 2022 to Q3 2025,Nvidia,2022-01-01,2025-09-30,10703369,9295255.0,12214500.0,7917130.0,9286427,10757657.0,6047.0,6994.0,8031.0,Estimates generated on: 08-27-2026 15:06,
Nvidia total Q1 2022 to Q4 2025,Nvidia,2022-01-01,2025-12-31,13659258,11899055.0,15548902.0,8973271.0,10477887,12079633.0,7413.0,8562.0,9782.0,Estimates generated on: 08-27-2026 15:06,
Nvidia total Q1 2022 to Q1 2026,Nvidia,2022-01-01,2026-03-31,17048399,14855851.0,19426022.0,10160860.0,11818056,13586738.0,8998.0,10370.0,11834.0,Estimates generated on: 08-27-2026 15:06,
Google TPU total Q4 2022 to Q4 2022,Google,2022-10-01,2022-12-31,13917,10579.0,17686.0,78806.0,103689,132296.0,22.0,29.0,38.0,Estimates generated on: 09-30-2026 14:07,
Google TPU total Q4 2022 to Q1 2023,Google,2022-10-01,2023-03-31,39171,29977.0,49054.0,210111.0,273276,340827.0,62.0,81.0,102.0,Estimates generated on: 09-30-2026 14:07,
Google TPU total Q4 2022 to Q2 2023,Google,2022-10-01,2023-06-30,72652,55947.0,90380.0,356520.0,462065,574141.0,101.0,131.0,164.0,Estimates generated on: 09-30-2026 14:07,
Google TPU total Q4 2022 to Q3 2023,Google,2022-10-01,2023-09-30,124223,94808.0,155961.0,558616.0,725511,906353.0,148.0,192.0,238.0,Estimates generated on: 09-30-2026 14:07,
Google TPU total Q4 2022 to Q4 2023,Google,2022-10-01,2023-12-31,208319,158076.0,263184.0,861308.0,1129430,1417438.0,221.0,287.0,358.0,Estimates generated on: 09-30-2026 14:07,
Google TPU total Q4 2022 to Q1 2024,Google,2022-10-01,2024-03-31,330843,253223.0,414811.0,1243072.0,1632277,2052666.0,330.0,427.0,532.0,Estimates generated on: 09-30-2026 14:07,
Google TPU total Q4 2022 to Q2 2024,Google,2022-10-01,2024-06-30,474130,366061.0,589764.0,1650837.0,2156547,2712515.0,460.0,591.0,731.0,Estimates generated on: 09-30-2026 14:07,
Google TPU total Q4 2022 to Q3 2024,Google,2022-10-01,2024-09-30,660348,514743.0,814313.0,2088550.0,2720477,3411163.0,607.0,777.0,956.0,Estimates generated on: 09-30-2026 14:07,
Google TPU total Q4 2022 to Q4 2024,Google,2022-10-01,2024-12-31,946901,746673.0,1151745.0,2585772.0,3337919,4162147.0,776.0,985.0,1203.0,Estimates generated on: 09-30-2026 14:07,
Google TPU total Q4 2022 to Q1 2025,Google,2022-10-01,2025-03-31,1392546,1108084.0,1678308.0,3085376.0,3935376,4846798.0,967.0,1215.0,1470.0,Estimates generated on: 09-30-2026 14:07,
Google TPU total Q4 2022 to Q2 2025,Google,2022-10-01,2025-06-30,2025600,1613407.0,2427124.0,3674992.0,4631139,5660709.0,1187.0,1485.0,1784.0,Estimates generated on: 09-30-2026 14:07,
Google TPU total Q4 2022 to Q3 2025,Google,2022-10-01,2025-09-30,2832174,2260786.0,3393339.0,4336307.0,5420181,6580386.0,1461.0,1814.0,2172.0,Estimates generated on: 09-30-2026 14:07,
AMD total Q1 2024 to Q1 2024,AMD,2024-01-01,2024-03-31,55200,40891.0,74032.0,52257.0,69134,88830.0,33.0,44.0,56.0,Estimates generated on: 08-27-2026 16:14,
AMD total Q1 2024 to Q2 2024,AMD,2024-01-01,2024-06-30,173975,139882.0,215297.0,135750.0,167271,204221.0,94.0,116.0,142.0,Estimates generated on: 08-27-2026 16:14,
AMD total Q1 2024 to Q3 2024,AMD,2024-01-01,2024-09-30,344148,284287.0,413038.0,259041.0,311025,370130.0,186.0,223.0,266.0,Estimates generated on: 08-27-2026 16:14,
AMD total Q1 2024 to Q4 2024,AMD,2024-01-01,2024-12-31,549726,456658.0,653064.0,404632.0,482651,569881.0,294.0,351.0,415.0,Estimates generated on: 08-27-2026 16:14,
AMD total Q1 2024 to Q1 2025,AMD,2024-01-01,2025-03-31,712234,587825.0,851570.0,504678.0,607454,720704.0,376.0,453.0,538.0,Estimates generated on: 08-27-2026 16:14,
AMD total Q1 2024 to Q2 2025,AMD,2024-01-01,2025-06-30,820424,675698.0,983592.0,569308.0,685200,817739.0,431.0,519.0,621.0,Estimates generated on: 08-27-2026 16:14,
AMD total Q1 2024 to Q3 2025,AMD,2024-01-01,2025-09-30,1025015,856330.0,1214302.0,668562.0,801450,949954.0,525.0,629.0,744.0,Estimates generated on: 08-27-2026 16:14,
Amazon cumulative Trainium through Q1 2024,Amazon,2024-01-01,2024-03-31,32836,18425.0,62883.0,62977.0,62977,265015.0,21.3,40.5,82.4,Estimates generated on: 03-10-2026 10:46,
Amazon cumulative Trainium through Q2 2024,Amazon,2024-01-01,2024-06-30,78230,47616.0,138875.0,143178.0,143178,549213.0,51.1,90.3,174.5,Estimates generated on: 03-10-2026 10:46,
Amazon cumulative Trainium through Q3 2024,Amazon,2024-01-01,2024-09-30,154207,101611.0,246659.0,265875.0,265875,881871.0,101.6,163.5,291.5,Estimates generated on: 03-10-2026 10:46,
Amazon cumulative Trainium through Q4 2024,Amazon,2024-01-01,2024-12-31,306330,212809.0,438612.0,489708.0,489708,1333606.0,199.0,294.7,467.0,Estimates generated on: 03-10-2026 10:46,
Amazon cumulative Trainium through Q1 2025,Amazon,2024-01-01,2025-03-31,445742,357294.0,576176.0,707123.0,707123,1544446.0,307.9,401.0,572.7,Estimates generated on: 03-10-2026 10:46,
Amazon cumulative Trainium through Q2 2025,Amazon,2024-01-01,2025-06-30,608627,520165.0,738597.0,953420.0,953420,1792385.0,432.5,524.5,698.1,Estimates generated on: 03-10-2026 10:46,
Amazon cumulative Trainium through Q3 2025,Amazon,2024-01-01,2025-09-30,799373,701270.0,933147.0,1237506.0,1237506,2078956.0,571.5,669.9,843.3,Estimates generated on: 03-10-2026 10:46,
Amazon cumulative Trainium through Q4 2025,Amazon,2024-01-01,2025-12-31,1020727,907525.0,1164343.0,1559233.0,1559233,2421792.0,730.1,840.0,1016.4,Estimates generated on: 03-10-2026 10:46,
AMD total Q1 2024 to Q4 2025,AMD,2024-01-01,2025-12-31,1245259,1060416.0,1456574.0,789671.0,931167,1089637.0,649.0,762.0,891.0,Estimates generated on: 08-27-2026 16:14,
Huawei total Q1 2024 to Q1 2024,Huawei,2024-01-01,2024-03-31,45028,,,,112500,,,49.0,,,
Huawei total Q1 2024 to Q2 2024,Huawei,2024-01-01,2024-06-30,90056,,,,225000,,,98.0,,,
Huawei total Q1 2024 to Q3 2024,Huawei,2024-01-01,2024-09-30,135084,,,,337500,,,146.0,,,
Huawei total Q1 2024 to Q4 2024,Huawei,2024-01-01,2024-12-31,180112,,,,450000,,,195.0,,,
Huawei total Q1 2024 to Q1 2025,Huawei,2024-01-01,2025-03-31,312076,,,,650000,,,320.0,,,
Huawei total Q1 2024 to Q2 2025,Huawei,2024-01-01,2025-06-30,444040,,,,850000,,,445.0,,,
Huawei total Q1 2024 to Q3 2025,Huawei,2024-01-01,2025-09-30,576004,,,,1050000,,,570.0,,,
Huawei total Q1 2024 to Q4 2025,Huawei,2024-01-01,2025-12-31,707968,,,,1250000,,,695.0,,,
Google TPU total Q4 2022 to Q4 2025,Google,2022-10-01,2025-12-31,3709614,2988353.0,4421904.0,4851883.0,6044052,7307981.0,1761.0,2176.0,2591.0,Estimates generated on: 09-30-2026 14:07,
Google TPU total Q4 2022 to Q1 2026,Google,2022-10-01,2026-03-31,4639923,3748387.0,5500443.0,5261120.0,6540484,7865702.0,2080.0,2557.0,3034.0,Estimates generated on: 09-30-2026 14:07,
Cambricon total Q1 2024 to Q1 2024,Cambricon,2024-01-01,2024-03-31,142,136.0,153.0,525.0,547,591.0,0.1,0.1,0.1,Cambricon methodology: https://docs.google.com/document/d/1LmVwqNAxL33wipBo7boVf5TRJusubmiLmACy2m0E2ew/edit?usp=sharing; quarterly allocation proportional to reported quarterly revenue,
Cambricon total Q1 2024 to Q2 2024,Cambricon,2024-01-01,2024-06-30,357,343.0,386.0,1324.0,1379,1490.0,0.3,0.3,0.3,Cambricon methodology: https://docs.google.com/document/d/1LmVwqNAxL33wipBo7boVf5TRJusubmiLmACy2m0E2ew/edit?usp=sharing; quarterly allocation proportional to reported quarterly revenue,
Cambricon total Q1 2024 to Q3 2024,Cambricon,2024-01-01,2024-09-30,1021,980.0,1103.0,3786.0,3944,4260.0,0.8,0.8,0.9,Cambricon methodology: https://docs.google.com/document/d/1LmVwqNAxL33wipBo7boVf5TRJusubmiLmACy2m0E2ew/edit?usp=sharing; quarterly allocation proportional to reported quarterly revenue,
Cambricon total Q1 2024 to Q4 2024,Cambricon,2024-01-01,2024-12-31,6468,6209.0,6985.0,24000.0,25000,27000.0,4.8,5.0,5.4,Cambricon methodology: https://docs.google.com/document/d/1LmVwqNAxL33wipBo7boVf5TRJusubmiLmACy2m0E2ew/edit?usp=sharing; quarterly allocation proportional to reported quarterly revenue,
Cambricon total Q1 2024 to Q1 2025,Cambricon,2024-01-01,2025-03-31,11337,10634.0,13623.0,41106.0,43817,52659.0,8.2,8.8,10.5,Cambricon methodology: https://docs.google.com/document/d/1LmVwqNAxL33wipBo7boVf5TRJusubmiLmACy2m0E2ew/edit?usp=sharing; quarterly allocation proportional to reported quarterly revenue,
Cambricon total Q1 2024 to Q2 2025,Cambricon,2024-01-01,2025-06-30,19086,17678.0,24190.0,68336.0,73770,93504.0,13.7,14.8,18.7,Cambricon methodology: https://docs.google.com/document/d/1LmVwqNAxL33wipBo7boVf5TRJusubmiLmACy2m0E2ew/edit?usp=sharing; quarterly allocation proportional to reported quarterly revenue,
Cambricon total Q1 2024 to Q3 2025,Cambricon,2024-01-01,2025-09-30,26649,24555.0,34503.0,94914.0,103005,133370.0,19.0,20.6,26.7,Cambricon methodology: https://docs.google.com/document/d/1LmVwqNAxL33wipBo7boVf5TRJusubmiLmACy2m0E2ew/edit?usp=sharing; quarterly allocation proportional to reported quarterly revenue,
Cambricon total Q1 2024 to Q4 2025,Cambricon,2024-01-01,2025-12-31,34926,32080.0,45790.0,124000.0,135000,177000.0,24.8,27.0,35.4,Cambricon methodology: https://docs.google.com/document/d/1LmVwqNAxL33wipBo7boVf5TRJusubmiLmACy2m0E2ew/edit?usp=sharing; quarterly allocation proportional to reported quarterly revenue,
Nvidia total Q1 2022 to Q2 2026,Nvidia,2022-01-01,2026-06-30,20987084,18283448.0,23989231.0,11546470.0,13390128,15356257.0,10862.0,12509.0,14301.0,Estimates generated on: 08-27-2026 15:06,
Google TPU total Q4 2022 to Q2 2026,Google,2022-10-01,2026-06-30,6258434,5057623.0,7432446.0,5835932.0,7233727,8664167.0,2573.0,3165.0,3764.0,Estimates generated on: 09-30-2026 14:07,
Nvidia total Q1 2022 to Q3 2026,Nvidia,2022-01-01,2026-09-30,22160380,19305033.0,25344532.0,11959246.0,13854028,15889363.0,11420.0,13148.0,15040.0,Incomplete: based on Nvidia fiscal quarters ending 7/26/2026. Estimates generated on: 08-27-2026 15:06,True
AMD total Q1 2024 to Q1 2026,AMD,2024-01-01,2026-03-31,1476712,1274142.0,1703510.0,887931.0,1039119,1207438.0,763.0,885.0,1023.0,Estimates generated on: 08-27-2026 16:14,
AMD total Q1 2024 to Q2 2026,AMD,2024-01-01,2026-06-30,1739995,1515759.0,1987064.0,997608.0,1159316,1337583.0,893.0,1027.0,1179.0,Estimates generated on: 08-27-2026 16:14,
Google TPU total Q4 2022 to Q3 2026,Google,2022-10-01,2026-09-30,6976036,5633721.0,8284183.0,6088397.0,7519121,9009153.0,2790.0,3430.0,4082.0,Incomplete: based on Broadcom fiscal quarters ending 8/2/2026. Estimates generated on: 09-30-2026 14:07,True
Huawei total Q1 2024 to Q1 2026,Huawei,2024-01-01,2026-03-31,910382,,,,1506783,,,874.7,,Estimates generated on: 10-01-2026 17:15; H1 2026 update. See methodology: https://docs.google.com/document/d/1nPlAAB0HioI9LSk6u-LGEnVBvSAoc50MGXmMxOLv0fk/edit?usp=sharing,
Huawei total Q1 2024 to Q2 2026,Huawei,2024-01-01,2026-06-30,1115058,,,,1815971,,,,,Estimates generated on: 10-01-2026 17:15; H1 2026 update. See methodology: https://docs.google.com/document/d/1nPlAAB0HioI9LSk6u-LGEnVBvSAoc50MGXmMxOLv0fk/edit?usp=sharing,
Cambricon total Q1 2024 to Q1 2026,Cambricon,2024-01-01,2026-03-31,47324,43380.0,59490.0,167500.0,182922,229800.0,33.5,36.6,46.0,Estimates generated on: 10-01-2026 17:15; Cambricon methodology: https://docs.google.com/document/d/1LmVwqNAxL33wipBo7boVf5TRJusubmiLmACy2m0E2ew/edit?usp=sharing; units from reported quarterly revenue and gross margin over estimated cost per chip,
Cambricon total Q1 2024 to Q2 2026,Cambricon,2024-01-01,2026-06-30,59689,54480.0,73290.0,210200.0,230717,283200.0,42.0,46.1,56.6,Estimates generated on: 10-01-2026 17:15; Cambricon methodology: https://docs.google.com/document/d/1LmVwqNAxL33wipBo7boVf5TRJusubmiLmACy2m0E2ew/edit?usp=sharing; units from reported quarterly revenue and gross margin over estimated cost per chip,
