Name,Chip manufacturer,Start date,End date,Incomplete,Number of Units,Number of Units (5th percentile),Number of Units (95th percentile),Compute estimate in H100e (median),H100e (5th percentile),H100e (95th percentile),Source / Link,Notes,Chip type,Last Modified By,Last Modified,Chip type (linked),Chip TDP (W),Total TDP (W),Total TDP (W) (5th percentile),Total TDP (W) (95th percentile),Chip Cost (Linked),Chip Cost (USD),Cost Estimate (USD)
Q1 2022 - A100,Nvidia,2022-01-01,2022-03-31,,212120,163481,276445,66883.0,51547.0,87166.0,,Estimates generated on: 08-27-2026 15:06,A100,Joshua You,2026-08-27 19:09:28+00:00,A100,400,84848000,65392400.0,110578000,12000,12000,2545440000
Q2 2022 - A100,Nvidia,2022-04-01,2022-06-30,,226673,174697,295411,71472.0,55083.0,93146.0,,Estimates generated on: 08-27-2026 15:06,A100,Joshua You,2026-08-27 19:09:28+00:00,A100,400,90669200,69878800.0,118164400,12000,12000,2720076000
Q3 2022 - A100,Nvidia,2022-07-01,2022-09-30,,215732,166265,281153,68022.0,52425.0,88650.0,,Estimates generated on: 08-27-2026 15:06,A100,Joshua You,2026-08-27 19:09:28+00:00,A100,400,86292800,66506000.0,112461200,12000,12000,2588784000
Q3 2022 - H100/H200,Nvidia,2022-07-01,2022-09-30,,6119,5126,7199,6119.0,5126.0,7199.0,,Estimates generated on: 08-27-2026 15:06,H100/H200,Joshua You,2026-08-27 19:09:28+00:00,H100,700,4283300,3588200.0,5039300,25000,25000,152975000
Q4 2022 - TPU v4i,Google,2022-10-01,2022-12-31,True,20588,12685,31294,1435.0,884.0,2182.0,,Incomplete: based on Broadcom fiscal quarters beginning 10/31/2022. Estimates generated on: 09-30-2026 14:07,TPU v4i,Joshua You,2026-09-30 18:11:45+00:00,TPU v4i,175,3602900,2219875.0,5476450,,2322,47805336
Q4 2022 - TPU v4,Google,2022-10-01,2022-12-31,True,66441,48215,87695,9232.0,6699.0,12186.0,,Incomplete: based on Broadcom fiscal quarters beginning 10/31/2022. Estimates generated on: 09-30-2026 14:07,TPU v4,Joshua You,2026-09-30 18:11:45+00:00,TPU v4,340,22589940,16393100.0,29816300,3900,3389,225168549
Q4 2022 - TPU v5e,Google,2022-10-01,2022-12-31,True,15678,9878,23460,3113.0,1961.0,4658.0,,Incomplete: based on Broadcom fiscal quarters beginning 10/31/2022. Estimates generated on: 09-30-2026 14:07,TPU v5e,Joshua You,2026-09-30 18:11:45+00:00,TPU v5e,225,3527550,2222550.0,5278500,2900,2704,42393312
Q4 2022 - A100,Nvidia,2022-10-01,2022-12-31,,113699,87627,148177,35850.0,27629.0,46721.0,,Estimates generated on: 08-27-2026 15:06,A100,Joshua You,2026-08-27 19:09:28+00:00,A100,400,45479600,35050800.0,59270800,12000,12000,1364388000
Q4 2022 - H100/H200,Nvidia,2022-10-01,2022-12-31,,32481,27212,38218,32481.0,27212.0,38218.0,,Estimates generated on: 08-27-2026 15:06,H100/H200,Joshua You,2026-08-27 19:09:28+00:00,H100,700,22736700,19048400.0,26752600,25000,25000,812025000
Q4 2022 - A800,Nvidia,2022-10-01,2022-12-31,,28132,21517,36492,8870.0,6784.0,11506.0,,Estimates generated on: 08-27-2026 15:06,A800,Joshua You,2026-08-27 19:09:28+00:00,A800,400,11252800,8606800.0,14596800,12000,12000,337584000
Q1 2023 - TPU v4i,Google,2023-01-01,2023-03-31,,9629,5933,14637,671.0,413.0,1020.0,,Estimates generated on: 09-30-2026 14:07,TPU v4i,Joshua You,2026-09-30 18:11:45+00:00,TPU v4i,175,1685075,1038275.0,2561475,,2322,22358538
Q1 2023 - TPU v4,Google,2023-01-01,2023-03-31,,119390,85080,160064,16590.0,11822.0,22242.0,,Estimates generated on: 09-30-2026 14:07,TPU v4,Joshua You,2026-09-30 18:11:45+00:00,TPU v4,340,40592600,28927200.0,54421760,3900,3389,404612710
Q1 2023 - TPU v5e,Google,2023-01-01,2023-03-31,,39145,18745,62769,7773.0,3722.0,12465.0,,Estimates generated on: 09-30-2026 14:07,TPU v5e,Joshua You,2026-09-30 18:11:45+00:00,TPU v5e,225,8807625,4217625.0,14123025,2900,2704,105848080
Q1 2023 - A100,Nvidia,2023-01-01,2023-03-31,,59024,45490,76923,18610.0,14343.0,24254.0,,Estimates generated on: 08-27-2026 15:06,A100,Joshua You,2026-08-27 19:09:28+00:00,A100,400,23609600,18196000.0,30769200,12000,12000,708288000
Q1 2023 - H100/H200,Nvidia,2023-01-01,2023-03-31,,56640,47452,66645,56640.0,47452.0,66645.0,,Estimates generated on: 08-27-2026 15:06,H100/H200,Joshua You,2026-08-27 19:09:28+00:00,H100,700,39648000,33216400.0,46651500,25000,25000,1416000000
Q1 2023 - A800,Nvidia,2023-01-01,2023-03-31,,29306,22415,38015,9240.0,7067.0,11986.0,,Estimates generated on: 08-27-2026 15:06,A800,Joshua You,2026-08-27 19:09:28+00:00,A800,400,11722400,8966000.0,15206000,12000,12000,351672000
Q1 2023 - H800,Nvidia,2023-01-01,2023-03-31,,7342,5923,9136,7342.0,5923.0,9136.0,,Estimates generated on: 08-27-2026 15:06,H800,Joshua You,2026-08-27 19:09:28+00:00,H800,700,5139400,4146100.0,6395200,30000,30000,220260000
Q2 2023 - TPU v4,Google,2023-04-01,2023-06-30,,66214,37311,98595,9201.0,5184.0,13700.0,,Estimates generated on: 09-30-2026 14:07,TPU v4,Joshua You,2026-09-30 18:11:45+00:00,TPU v4,340,22512760,12685740.0,33522300,3900,3389,224399246
Q2 2023 - TPU v5e,Google,2023-04-01,2023-06-30,,120570,79156,169278,23943.0,15719.0,33616.0,,Estimates generated on: 09-30-2026 14:07,TPU v5e,Joshua You,2026-09-30 18:11:45+00:00,TPU v5e,225,27128250,17810100.0,38087550,2900,2704,326021280
Q2 2023 - A100,Nvidia,2023-04-01,2023-06-30,,64508,49716,84070,20340.0,15675.0,26508.0,,Estimates generated on: 08-27-2026 15:06,A100,Joshua You,2026-08-27 19:09:28+00:00,A100,400,25803200,19886400.0,33628000,12000,12000,774096000
Q2 2023 - H100/H200,Nvidia,2023-04-01,2023-06-30,,151413,126851,178158,151413.0,126851.0,178158.0,,Estimates generated on: 08-27-2026 15:06,H100/H200,Joshua You,2026-08-27 19:09:28+00:00,H100,700,105989100,88795700.0,124710600,25000,25000,3785325000
Q2 2023 - A800,Nvidia,2023-04-01,2023-06-30,,26386,20182,34228,8319.0,6363.0,10792.0,,Estimates generated on: 08-27-2026 15:06,A800,Joshua You,2026-08-27 19:09:28+00:00,A800,400,10554400,8072800.0,13691200,12000,12000,316632000
Q2 2023 - H800,Nvidia,2023-04-01,2023-06-30,,31916,25747,39718,31916.0,25747.0,39718.0,,Estimates generated on: 08-27-2026 15:06,H800,Joshua You,2026-08-27 19:09:28+00:00,H800,700,22341200,18022900.0,27802600,30000,30000,957480000
Q3 2023 - TPU v4,Google,2023-07-01,2023-09-30,,11204,3226,19695,1556.0,448.0,2736.0,,Estimates generated on: 09-30-2026 14:07,TPU v4,Joshua You,2026-09-30 18:11:45+00:00,TPU v4,340,3809360,1096840.0,6696300,3900,3389,37970356
Q3 2023 - TPU v5e,Google,2023-07-01,2023-09-30,,250296,178928,333278,49705.0,35532.0,66184.0,,Estimates generated on: 09-30-2026 14:07,TPU v5e,Joshua You,2026-09-30 18:11:45+00:00,TPU v5e,225,56316600,40258800.0,74987550,2900,2704,676800384
Q3 2023 - A100,Nvidia,2023-07-01,2023-09-30,,54953,42352,71617,17327.0,13354.0,22581.0,,Estimates generated on: 08-27-2026 15:06,A100,Joshua You,2026-08-27 19:09:28+00:00,A100,400,21981200,16940800.0,28646800,12000,12000,659436000
Q3 2023 - H100/H200,Nvidia,2023-07-01,2023-09-30,,260088,217897,306028,260088.0,217897.0,306028.0,,Estimates generated on: 08-27-2026 15:06,H100/H200,Joshua You,2026-08-27 19:09:28+00:00,H100,700,182061600,152527900.0,214219600,25000,25000,6502200000
Q3 2023 - A800,Nvidia,2023-07-01,2023-09-30,,28505,21802,36976,8987.0,6874.0,11658.0,,Estimates generated on: 08-27-2026 15:06,A800,Joshua You,2026-08-27 19:09:28+00:00,A800,400,11402000,8720800.0,14790400,12000,12000,342060000
Q3 2023 - H800,Nvidia,2023-07-01,2023-09-30,,56333,45446,70105,56333.0,45446.0,70105.0,,Estimates generated on: 08-27-2026 15:06,H800,Joshua You,2026-08-27 19:09:28+00:00,H800,700,39433100,31812200.0,49073500,30000,30000,1689990000
Q4 2023 - TPU v5e,Google,2023-10-01,2023-12-31,,388749,282118,508670,77199.0,56024.0,101014.0,,Estimates generated on: 09-30-2026 14:07,TPU v5e,Joshua You,2026-09-30 18:11:45+00:00,TPU v5e,225,87468525,63476550.0,114450750,2900,2704,1051177296
Q4 2023 - TPU v5p,Google,2023-10-01,2023-12-31,,14428,7449,22380,6693.0,3455.0,10381.0,,Estimates generated on: 09-30-2026 14:07,TPU v5p,Joshua You,2026-09-30 18:11:45+00:00,TPU v5p,540,7791120,4022460.0,12085200,6400,6022,86885416
Q4 2023 - A100,Nvidia,2023-10-01,2023-12-31,,15118,11651,19702,4766.0,3673.0,6212.0,,Estimates generated on: 08-27-2026 15:06,A100,Joshua You,2026-08-27 19:09:28+00:00,A100,400,6047200,4660400.0,7880800,12000,12000,181416000
Q4 2023 - H100/H200,Nvidia,2023-10-01,2023-12-31,,423514,354811,498320,423514.0,354811.0,498320.0,,Estimates generated on: 08-27-2026 15:06,H100/H200,Joshua You,2026-08-27 19:09:28+00:00,H100,700,296459800,248367700.0,348824000,25000,25000,10587850000
Q4 2023 - A800,Nvidia,2023-10-01,2023-12-31,,9089,6952,11791,2865.0,2192.0,3717.0,,Estimates generated on: 08-27-2026 15:06,A800,Joshua You,2026-08-27 19:09:28+00:00,A800,400,3635600,2780800.0,4716400,12000,12000,109068000
Q4 2023 - H800,Nvidia,2023-10-01,2023-12-31,,19838,16004,24688,19838.0,16004.0,24688.0,,Estimates generated on: 08-27-2026 15:06,H800,Joshua You,2026-08-27 19:09:28+00:00,H800,700,13886600,11202800.0,17281600,30000,30000,595140000
Q1 2024 - TPU v5e,Google,2024-01-01,2024-03-31,,417187,300725,552866,82847.0,59719.0,109791.0,,Estimates generated on: 09-30-2026 14:07,TPU v5e,Joshua You,2026-09-30 18:11:45+00:00,TPU v5e,225,93867075,67663125.0,124394850,2900,2704,1128073648
Q1 2024 - TPU v5p,Google,2024-01-01,2024-03-31,,83355,57646,111552,38666.0,26740.0,51745.0,,Estimates generated on: 09-30-2026 14:07,TPU v5p,Joshua You,2026-09-30 18:11:45+00:00,TPU v5p,540,45011700,31128840.0,60238080,6400,6022,501963810
Q1 2024 - H100/H200,Nvidia,2024-01-01,2024-03-31,,552252,462665,649798,552252.0,462665.0,649798.0,,Estimates generated on: 08-27-2026 15:06,H100/H200,Joshua You,2026-08-27 19:09:28+00:00,H100,700,386576400,323865500.0,454858600,25000,25000,13806300000
Q1 2024 - H20,Nvidia,2024-01-01,2024-03-31,,138719,106730,180461,20748.0,15963.0,26991.0,,Estimates generated on: 08-27-2026 15:06,H20,Joshua You,2026-08-27 19:09:28+00:00,H20,400,55487600,42692000.0,72184400,12000,12000,1664628000
FY24 Q1 - MI250X,AMD,2024-01-01,2024-03-31,,30379,20431,42785,5879.0,3954.0,8280.0,,Estimates generated on: 08-27-2026 16:14,MI250X,Joshua You,2026-08-27 20:17:02+00:00,Instinct MI250X,500,15189500,10215500.0,21392500,10000,10000,303790000
FY24 Q1 - MI300X,AMD,2024-01-01,2024-03-31,,34535,25001,47707,45632.0,33034.0,63037.0,,Estimates generated on: 08-27-2026 16:14,MI300X,Joshua You,2026-08-27 20:17:02+00:00,Instinct MI300X,750,25901250,18750750.0,35780250,12500,12500,431687500
FY24 Q1 - MI300A,AMD,2024-01-01,2024-03-31,,3562,1119,6350,3530.0,1109.0,6293.0,,Estimates generated on: 08-27-2026 16:14,MI300A,Joshua You,2026-08-27 20:17:02+00:00,Instinct MI300A,760,2707120,850440.0,4826000,6700,6700,23865400
Q1 2024 Ascend 910B,Huawei,2024-01-01,2024-03-31,,100000,87500,125000,35378.75,27362.75,45990.5,see methodology,Confidence intervals in units are relatively unprincipled due to lack of revenue model. Don't take them too literally. H100e conversion incorporates some uncertainty over average chip specifications. See methodology,Ascend 910B,Joshua You,2026-01-28 17:14:46+00:00,Ascend 910B,400,40000000,35000000.0,50000000,15000,15000,1500000000
Q1 2024 Ascend 910C,Huawei,2024-01-01,2024-03-31,,12500,6250,25000,9649.0,4876.75,18995.25,see methodology,Confidence intervals in units are relatively unprincipled due to lack of revenue model. Don't take them too literally. H100e conversion incorporates some uncertainty over average chip specifications. See methodology,Ascend 910C,Joshua You,2026-01-28 17:14:46+00:00,Ascend 910C,700,8750000,4375000.0,17500000,20000,20000,250000000
Q1 2024 Trainium1/Inferentia,Amazon,2024-01-01,2024-03-31,,110000,50000,250000,23345.0,10611.0,53057.0,see AI Chip Sales methodology,More speculative,Trainium1,Joshua You,2026-03-09 21:03:30+00:00,Trainium1,,33000000,15000000.0,75000000,,,0
Q1 2024 Trainium2,Amazon,2024-01-01,2024-03-31,,15000,5000,25000,9845.0,3281.0,16409.0,https://colab.research.google.com/github/epoch-research/ai-chip-counts/blob/main/trainium_timelines.ipynb,Estimates generated on: 02-13-2026 14:27,Trainium2,Joshua You,2026-02-13 22:31:47+00:00,Trainium2,500,7500000,2500000.0,12500000,4000,4000,60000000
2024 Q1 - Siyuan 590,Cambricon,2024-01-01,2024-03-31,,547,525,591,142.0,136.0,153.0,,Cambricon methodology: https://docs.google.com/document/d/1LmVwqNAxL33wipBo7boVf5TRJusubmiLmACy2m0E2ew/edit?usp=sharing; quarterly allocation proportional to reported quarterly revenue,Siyuan 590,Venkat S,2026-05-12 18:23:47+00:00,Siyuan 590,200,109400,105000.0,118200,,,0
Q2 2024 - TPU v5e,Google,2024-04-01,2024-06-30,,374471,250533,530534,74364.0,49752.0,105356.0,,Estimates generated on: 09-30-2026 14:07,TPU v5e,Joshua You,2026-09-30 18:11:45+00:00,TPU v5e,225,84255975,56369925.0,119370150,2900,2704,1012569584
Q2 2024 - TPU v5p,Google,2024-04-01,2024-06-30,,144145,97276,199672,66864.0,45123.0,92622.0,,Estimates generated on: 09-30-2026 14:07,TPU v5p,Joshua You,2026-09-30 18:11:45+00:00,TPU v5p,540,77838300,52529040.0,107822880,6400,6022,868041190
Q2 2024 - H100/H200,Nvidia,2024-04-01,2024-06-30,,650874,545290,765841,650874.0,545290.0,765841.0,,Estimates generated on: 08-27-2026 15:06,H100/H200,Joshua You,2026-08-27 19:09:28+00:00,H100,700,455611800,381703000.0,536088700,25000,25000,16271850000
Q2 2024 - H20,Nvidia,2024-04-01,2024-06-30,,223064,171624,290186,33363.0,25669.0,43403.0,,Estimates generated on: 08-27-2026 15:06,H20,Joshua You,2026-08-27 19:09:28+00:00,H20,400,89225600,68649600.0,116074400,12000,12000,2676768000
FY24 Q2 - MI250X,AMD,2024-04-01,2024-06-30,,6596,1061,12370,1276.0,205.0,2394.0,,Estimates generated on: 08-27-2026 16:14,MI250X,Joshua You,2026-08-27 20:17:02+00:00,Instinct MI250X,500,3298000,530500.0,6185000,10000,10000,65960000
FY24 Q2 - MI300X,AMD,2024-04-01,2024-06-30,,80709,63063,102532,106642.0,83327.0,135478.0,,Estimates generated on: 08-27-2026 16:14,MI300X,Joshua You,2026-08-27 20:17:02+00:00,Instinct MI300X,750,60531750,47297250.0,76899000,12500,12500,1008862500
FY24 Q2 - MI300A,AMD,2024-04-01,2024-06-30,,10732,3830,17757,10635.0,3795.0,17597.0,,Estimates generated on: 08-27-2026 16:14,MI300A,Joshua You,2026-08-27 20:17:02+00:00,Instinct MI300A,760,8156320,2910800.0,13495320,6700,6700,71904400
Q2 2024 Ascend 910B,Huawei,2024-04-01,2024-06-30,,100000,87500,125000,35378.75,27362.75,45990.5,see methodology,Confidence intervals in units are relatively unprincipled due to lack of revenue model. Don't take them too literally. H100e conversion incorporates some uncertainty over average chip specifications. See methodology,Ascend 910B,Joshua You,2026-01-28 17:14:46+00:00,Ascend 910B,400,40000000,35000000.0,50000000,15000,15000,1500000000
Q2 2024 Ascend 910C,Huawei,2024-04-01,2024-06-30,,12500,6250,25000,9649.0,4876.75,18995.25,see methodology,Confidence intervals in units are relatively unprincipled due to lack of revenue model. Don't take them too literally. H100e conversion incorporates some uncertainty over average chip specifications. See methodology,Ascend 910C,Joshua You,2026-01-28 17:14:46+00:00,Ascend 910C,700,8750000,4375000.0,17500000,20000,20000,250000000
Q2 2024 Trainium1/Inferentia,Amazon,2024-04-01,2024-06-30,,110000,50000,250000,23345.0,10611.0,53057.0,see AI Chip Sales methodology,More speculative,Trainium1,Joshua You,2026-03-09 21:03:31+00:00,Trainium1,,33000000,15000000.0,75000000,,,0
Q2 2024 Trainium2,Amazon,2024-04-01,2024-06-30,,30000,20000,50000,19691.0,13127.0,32819.0,https://colab.research.google.com/github/epoch-research/ai-chip-counts/blob/main/trainium_timelines.ipynb,Estimates generated on: 02-13-2026 14:27,Trainium2,Joshua You,2026-02-13 22:31:47+00:00,Trainium2,500,15000000,10000000.0,25000000,4000,4000,120000000
2024 Q2 - Siyuan 590,Cambricon,2024-04-01,2024-06-30,,832,799,899,215.0,207.0,233.0,,Cambricon methodology: https://docs.google.com/document/d/1LmVwqNAxL33wipBo7boVf5TRJusubmiLmACy2m0E2ew/edit?usp=sharing; quarterly allocation proportional to reported quarterly revenue,Siyuan 590,Venkat S,2026-05-12 18:23:55+00:00,Siyuan 590,200,166400,159800.0,179800,,,0
Q3 2024 - TPU v5e,Google,2024-07-01,2024-09-30,,356808,210566,539265,70856.0,41815.0,107090.0,,Estimates generated on: 09-30-2026 14:07,TPU v5e,Joshua You,2026-09-30 18:11:45+00:00,TPU v5e,225,80281800,47377350.0,121334625,2900,2704,964808832
Q3 2024 - TPU v5p,Google,2024-07-01,2024-09-30,,159613,97899,235298,74040.0,45412.0,109147.0,,Estimates generated on: 09-30-2026 14:07,TPU v5p,Joshua You,2026-09-30 18:11:45+00:00,TPU v5p,540,86191020,52865460.0,127060920,6400,6022,961189486
Q3 2024 - TPU v6e,Google,2024-07-01,2024-09-30,,40715,16904,72215,37773.0,15683.0,66996.0,,Estimates generated on: 09-30-2026 14:07,TPU v6e,Joshua You,2026-09-30 18:11:45+00:00,TPU v6e,380,15471700,6423520.0,27441700,4300,4059,165262185
Q3 2024 - H100/H200,Nvidia,2024-07-01,2024-09-30,,794383,665518,934698,794383.0,665518.0,934698.0,,Estimates generated on: 08-27-2026 15:06,H100/H200,Joshua You,2026-08-27 19:09:28+00:00,H100,700,556068100,465862600.0,654288600,25000,25000,19859575000
Q3 2024 - H20,Nvidia,2024-07-01,2024-09-30,,272247,209465,354167,40720.0,31329.0,52972.0,,Estimates generated on: 08-27-2026 15:06,H20,Joshua You,2026-08-27 19:09:28+00:00,H20,400,108898800,83786000.0,141666800,12000,12000,3266964000
FY24 Q3 - MI250X,AMD,2024-07-01,2024-09-30,,4385,1321,7769,848.0,255.0,1503.0,,Estimates generated on: 08-27-2026 16:14,MI250X,Joshua You,2026-08-27 20:17:02+00:00,Instinct MI250X,500,2192500,660500.0,3884500,10000,10000,43850000
FY24 Q3 - MI300X,AMD,2024-07-01,2024-09-30,,95258,75302,118167,125866.0,99498.0,156137.0,,Estimates generated on: 08-27-2026 16:14,MI300X,Joshua You,2026-08-27 20:17:02+00:00,Instinct MI300X,750,71443500,56476500.0,88625250,12500,12500,1190725000
FY24 Q3 - MI300A,AMD,2024-07-01,2024-09-30,,43161,32548,55397,42773.0,32256.0,54899.0,,Estimates generated on: 08-27-2026 16:14,MI300A,Joshua You,2026-08-27 20:17:02+00:00,Instinct MI300A,760,32802360,24736480.0,42101720,6700,6700,289178700
Q3 2024 Ascend 910B,Huawei,2024-07-01,2024-09-30,,100000,87500,125000,35378.75,27362.75,45990.5,see methodology,Confidence intervals in units are relatively unprincipled due to lack of revenue model. Don't take them too literally. H100e conversion incorporates some uncertainty over average chip specifications. See methodology,Ascend 910B,Joshua You,2026-01-28 17:14:46+00:00,Ascend 910B,400,40000000,35000000.0,50000000,15000,15000,1500000000
Q3 2024 Ascend 910C,Huawei,2024-07-01,2024-09-30,,12500,6250,25000,9649.0,4876.75,18995.25,see methodology,Confidence intervals in units are relatively unprincipled due to lack of revenue model. Don't take them too literally. H100e conversion incorporates some uncertainty over average chip specifications. See methodology,Ascend 910C,Joshua You,2026-01-28 17:14:46+00:00,Ascend 910C,700,8750000,4375000.0,17500000,20000,20000,250000000
Q3 2024 Trainium1/Inferentia,Amazon,2024-07-01,2024-09-30,,110000,50000,250000,23345.0,10611.0,53057.0,see AI Chip Sales methodology,More speculative,Trainium1,Joshua You,2026-03-09 21:03:32+00:00,Trainium1,,33000000,15000000.0,75000000,,,0
Q3 2024 Trainium2,Amazon,2024-07-01,2024-09-30,,80000,50000,105000,52511.0,32819.0,68921.0,https://colab.research.google.com/github/epoch-research/ai-chip-counts/blob/main/trainium_timelines.ipynb,Estimates generated on: 02-13-2026 14:27,Trainium2,Joshua You,2026-02-13 22:31:47+00:00,Trainium2,500,40000000,25000000.0,52500000,4000,4000,320000000
2024 Q3 - Siyuan 590,Cambricon,2024-07-01,2024-09-30,,2565,2462,2770,664.0,637.0,717.0,,Cambricon methodology: https://docs.google.com/document/d/1LmVwqNAxL33wipBo7boVf5TRJusubmiLmACy2m0E2ew/edit?usp=sharing; quarterly allocation proportional to reported quarterly revenue,Siyuan 590,Venkat S,2026-05-12 18:24:02+00:00,Siyuan 590,200,513000,492400.0,554000,,,0
Q4 2024 - TPU v5e,Google,2024-10-01,2024-12-31,,300383,183964,450809,59651.0,36532.0,89524.0,,Estimates generated on: 09-30-2026 14:07,TPU v5e,Joshua You,2026-09-30 18:11:45+00:00,TPU v5e,225,67586175,41391900.0,101432025,2900,2704,812235632
Q4 2024 - TPU v5p,Google,2024-10-01,2024-12-31,,134088,84185,195639,62199.0,39051.0,90751.0,,Estimates generated on: 09-30-2026 14:07,TPU v5p,Joshua You,2026-09-30 18:11:45+00:00,TPU v5p,540,72407520,45459900.0,105645060,6400,6022,807477936
Q4 2024 - TPU v6e,Google,2024-10-01,2024-12-31,,174092,116281,243448,161512.0,107878.0,225856.0,,Estimates generated on: 09-30-2026 14:07,TPU v6e,Joshua You,2026-09-30 18:11:45+00:00,TPU v6e,380,66154960,44186780.0,92510240,4300,4059,706639428
Q4 2024 - H100/H200,Nvidia,2024-10-01,2024-12-31,,681105,570616,801411,681105.0,570616.0,801411.0,,Estimates generated on: 08-27-2026 15:06,H100/H200,Joshua You,2026-08-27 19:09:28+00:00,H100,700,476773500,399431200.0,560987700,25000,25000,17027625000
Q4 2024 - H20,Nvidia,2024-10-01,2024-12-31,,324380,249576,421988,48517.0,37329.0,63116.0,,Estimates generated on: 08-27-2026 15:06,H20,Joshua You,2026-08-27 19:09:28+00:00,H20,400,129752000,99830400.0,168795200,12000,12000,3892560000
Q4 2024 - B200,Nvidia,2024-10-01,2024-12-31,,200737,171211,235124,507167.0,432569.0,594047.0,,Estimates generated on: 08-27-2026 15:06,B200,Joshua You,2026-08-27 19:09:28+00:00,B200,1200,240884400,205453200.0,282148800,37000,37000,7427269000
FY24 Q4 - MI250X,AMD,2024-10-01,2024-12-31,,3566,1792,5756,690.0,346.0,1114.0,,Estimates generated on: 08-27-2026 16:14,MI250X,Joshua You,2026-08-27 20:17:02+00:00,Instinct MI250X,500,1783000,896000.0,2878000,10000,10000,35660000
FY24 Q4 - MI300X,AMD,2024-10-01,2024-12-31,,115619,91958,142527,152770.0,121506.0,188325.0,,Estimates generated on: 08-27-2026 16:14,MI300X,Joshua You,2026-08-27 20:17:02+00:00,Instinct MI300X,750,86714250,68968500.0,106895250,12500,12500,1445237500
FY24 Q4 - MI300A,AMD,2024-10-01,2024-12-31,,52349,39836,65183,51878.0,39478.0,64597.0,,Estimates generated on: 08-27-2026 16:14,MI300A,Joshua You,2026-08-27 20:17:02+00:00,Instinct MI300A,760,39785240,30275360.0,49539080,6700,6700,350738300
Q4 2024 Ascend 910B,Huawei,2024-10-01,2024-12-31,,100000,87500,125000,35378.75,27362.75,45990.5,see methodology,Confidence intervals in units are relatively unprincipled due to lack of revenue model. Don't take them too literally. H100e conversion incorporates some uncertainty over average chip specifications. See methodology,Ascend 910B,Joshua You,2026-01-28 17:14:46+00:00,Ascend 910B,400,40000000,35000000.0,50000000,15000,15000,1500000000
Q4 2024 Ascend 910C,Huawei,2024-10-01,2024-12-31,,12500,6250,25000,9649.0,4876.75,18995.25,see methodology,Confidence intervals in units are relatively unprincipled due to lack of revenue model. Don't take them too literally. H100e conversion incorporates some uncertainty over average chip specifications. See methodology,Ascend 910C,Joshua You,2026-01-28 17:14:46+00:00,Ascend 910C,700,8750000,4375000.0,17500000,20000,20000,250000000
Q4 2024 Trainium1/Inferentia,Amazon,2024-10-01,2024-12-31,,110000,50000,250000,23345.0,10611.0,53057.0,see AI Chip Sales methodology,More speculative,Trainium1,Joshua You,2026-03-09 21:03:33+00:00,Trainium1,,33000000,15000000.0,75000000,,,0
Q4 2024 Trainium2,Amazon,2024-10-01,2024-12-31,,190000,125000,265000,124714.0,82049.0,173943.0,https://colab.research.google.com/github/epoch-research/ai-chip-counts/blob/main/trainium_timelines.ipynb,Estimates generated on: 02-13-2026 14:27,Trainium2,Joshua You,2026-02-13 22:31:47+00:00,Trainium2,500,95000000,62500000.0,132500000,4000,4000,760000000
2024 Q4 - Siyuan 590,Cambricon,2024-10-01,2024-12-31,,21056,20214,22740,5447.0,5229.0,5882.0,,Cambricon methodology: https://docs.google.com/document/d/1LmVwqNAxL33wipBo7boVf5TRJusubmiLmACy2m0E2ew/edit?usp=sharing; quarterly allocation proportional to reported quarterly revenue,Siyuan 590,Venkat S,2026-05-12 18:24:10+00:00,Siyuan 590,200,4211200,4042800.0,4548000,,,0
Q1 2025 - TPU v5e,Google,2025-01-01,2025-03-31,,95723,62318,141136,19009.0,12375.0,28027.0,,Estimates generated on: 09-30-2026 14:07,TPU v5e,Joshua You,2026-09-30 18:11:45+00:00,TPU v5e,225,21537675,14021550.0,31755600,2900,2704,258834992
Q1 2025 - TPU v5p,Google,2025-01-01,2025-03-31,,95134,43148,149283,44130.0,20015.0,69248.0,,Estimates generated on: 09-30-2026 14:07,TPU v5p,Joshua You,2026-09-30 18:11:45+00:00,TPU v5p,540,51372360,23299920.0,80612820,6400,6022,572896948
Q1 2025 - TPU v6e,Google,2025-01-01,2025-03-31,,407148,299260,532682,377728.0,277636.0,494191.0,,Estimates generated on: 09-30-2026 14:07,TPU v6e,Joshua You,2026-09-30 18:11:45+00:00,TPU v6e,380,154716240,113718800.0,202419160,4300,4059,1652613732
Q1 2025 - H100/H200,Nvidia,2025-01-01,2025-03-31,,329018,275645,387134,329018.0,275645.0,387134.0,,Estimates generated on: 08-27-2026 15:06,H100/H200,Joshua You,2026-08-27 19:09:28+00:00,H100,700,230312600,192951500.0,270993800,25000,25000,8225450000
Q1 2025 - H20,Nvidia,2025-01-01,2025-03-31,,361677,278272,470508,54096.0,41621.0,70374.0,,Estimates generated on: 08-27-2026 15:06,H20,Joshua You,2026-08-27 19:09:28+00:00,H20,400,144670800,111308800.0,188203200,12000,12000,4340124000
Q1 2025 - B200,Nvidia,2025-01-01,2025-03-31,,519632,443199,608647,1312865.0,1119754.0,1537764.0,,Estimates generated on: 08-27-2026 15:06,B200,Joshua You,2026-08-27 19:09:28+00:00,B200,1200,623558400,531838800.0,730376400,37000,37000,19226384000
FY25 Q1 - MI300X,AMD,2025-01-01,2025-03-31,,85464,63198,112739,112925.0,83505.0,148965.0,,Estimates generated on: 08-27-2026 16:14,MI300X,Joshua You,2026-08-27 20:17:02+00:00,Instinct MI300X,750,64098000,47398500.0,84554250,12500,12500,1068300000
FY25 Q1 - MI300A,AMD,2025-01-01,2025-03-31,,4642,2206,7748,4600.0,2186.0,7678.0,,Estimates generated on: 08-27-2026 16:14,MI300A,Joshua You,2026-08-27 20:17:02+00:00,Instinct MI300A,760,3527920,1676560.0,5888480,6700,6700,31101400
FY25 Q1 - MI325X,AMD,2025-01-01,2025-03-31,,32505,19778,52008,42704.0,25984.0,68328.0,,Estimates generated on: 08-27-2026 16:14,MI325X,Joshua You,2026-08-27 20:17:02+00:00,Instinct MI325X,1000,32505000,19778000.0,52008000,15000,15000,487575000
Q1 2025 Ascend 910B,Huawei,2025-01-01,2025-03-31,,50000,37500,66500,16816.5,11946.5,23883.25,see methodology,Confidence intervals in units are relatively unprincipled due to lack of revenue model. Don't take them too literally. H100e conversion incorporates some uncertainty over average chip specifications. See methodology,Ascend 910B,Joshua You,2026-01-28 17:14:46+00:00,Ascend 910B,400,20000000,15000000.0,26600000,15000,15000,750000000
Q1 2025 Ascend 910C,Huawei,2025-01-01,2025-03-31,,150000,125000,175000,115147.25,97198.5,136010.75,see methodology,Confidence intervals in units are relatively unprincipled due to lack of revenue model. Don't take them too literally. H100e conversion incorporates some uncertainty over average chip specifications. See methodology,Ascend 910C,Joshua You,2026-01-28 17:14:46+00:00,Ascend 910C,700,105000000,87500000.0,122500000,20000,20000,3000000000
Q1 2025 Trainium2,Amazon,2025-01-01,2025-03-31,,210000,180000,250000,137842.0,118150.0,164098.0,https://colab.research.google.com/github/epoch-research/ai-chip-counts/blob/main/trainium_timelines.ipynb,Estimates generated on: 02-13-2026 14:27,Trainium2,Joshua You,2026-02-13 22:31:47+00:00,Trainium2,500,105000000,90000000.0,125000000,4000,4000,840000000
2025 Q1 - Siyuan 590,Cambricon,2025-01-01,2025-03-31,,18817,17106,25659,4869.0,4425.0,6638.0,,Cambricon methodology: https://docs.google.com/document/d/1LmVwqNAxL33wipBo7boVf5TRJusubmiLmACy2m0E2ew/edit?usp=sharing; quarterly allocation proportional to reported quarterly revenue,Siyuan 590,Venkat S,2026-05-12 18:24:16+00:00,Siyuan 590,200,3763400,3421200.0,5131800,,,0
Q2 2025 - TPU v5p,Google,2025-04-01,2025-06-30,,31271,8908,52858,14505.0,4132.0,24519.0,,Estimates generated on: 09-30-2026 14:07,TPU v5p,Joshua You,2026-09-30 18:11:45+00:00,TPU v5p,540,16886340,4810320.0,28543320,6400,6022,188313962
Q2 2025 - TPU v6e,Google,2025-04-01,2025-06-30,,663134,506691,829373,615217.0,470078.0,769444.0,,Estimates generated on: 09-30-2026 14:07,TPU v6e,Joshua You,2026-09-30 18:11:45+00:00,TPU v6e,380,251990920,192542580.0,315161740,4300,4059,2691660906
Q2 2025 - H100/H200,Nvidia,2025-04-01,2025-06-30,,228707,191607,269105,228707.0,191607.0,269105.0,,Estimates generated on: 08-27-2026 15:06,H100/H200,Joshua You,2026-08-27 19:09:28+00:00,H100,700,160094900,134124900.0,188373500,25000,25000,5717675000
Q2 2025 - H20,Nvidia,2025-04-01,2025-06-30,,152692,117480,198638,22838.0,17571.0,29710.0,,Estimates generated on: 08-27-2026 15:06,H20,Joshua You,2026-08-27 19:09:28+00:00,H20,400,61076800,46992000.0,79455200,12000,12000,1832304000
Q2 2025 - B200,Nvidia,2025-04-01,2025-06-30,,434482,370574,508911,1097731.0,936265.0,1285778.0,,Estimates generated on: 08-27-2026 15:06,B200,Joshua You,2026-08-27 19:09:28+00:00,B200,1200,521378400,444688800.0,610693200,37000,37000,16075834000
Q2 2025 - B300,Nvidia,2025-04-01,2025-06-30,,215192,182304,252850,543688.0,460596.0,638832.0,,Estimates generated on: 08-27-2026 15:06,B300,Joshua You,2026-08-27 19:09:28+00:00,B300,1400,301268800,255225600.0,353990000,43000,43000,9253256000
FY25 Q2 - MI300X,AMD,2025-04-01,2025-06-30,,45976,30980,65349,60749.0,40934.0,86348.0,,Estimates generated on: 08-27-2026 16:14,MI300X,Joshua You,2026-08-27 20:17:02+00:00,Instinct MI300X,750,34482000,23235000.0,49011750,12500,12500,574700000
FY25 Q2 - MI325X,AMD,2025-04-01,2025-06-30,,26391,15825,43454,34673.0,20791.0,57090.0,,Estimates generated on: 08-27-2026 16:14,MI325X,Joshua You,2026-08-27 20:17:02+00:00,Instinct MI325X,1000,26391000,15825000.0,43454000,15000,15000,395865000
FY25 Q2 - MI350X,AMD,2025-04-01,2025-06-30,,4080,1659,7018,9513.0,3869.0,16362.0,,Estimates generated on: 08-27-2026 16:14,MI350X,Joshua You,2026-08-27 20:17:02+00:00,Instinct MI350X,1000,4080000,1659000.0,7018000,23500,23500,95880000
Q2 2025 Ascend 910B,Huawei,2025-04-01,2025-06-30,,50000,37500,66500,16816.5,11946.5,23883.25,see methodology,Confidence intervals in units are relatively unprincipled due to lack of revenue model. Don't take them too literally. H100e conversion incorporates some uncertainty over average chip specifications. See methodology,Ascend 910B,Joshua You,2026-01-28 17:14:46+00:00,Ascend 910B,400,20000000,15000000.0,26600000,15000,15000,750000000
Q2 2025 Ascend 910C,Huawei,2025-04-01,2025-06-30,,150000,125000,175000,115147.25,97198.5,136010.75,see methodology,Confidence intervals in units are relatively unprincipled due to lack of revenue model. Don't take them too literally. H100e conversion incorporates some uncertainty over average chip specifications. See methodology,Ascend 910C,Joshua You,2026-01-28 17:14:46+00:00,Ascend 910C,700,105000000,87500000.0,122500000,20000,20000,3000000000
Q2 2025 Trainium2,Amazon,2025-04-01,2025-06-30,,250000,215000,285000,164098.0,141124.0,187071.0,https://colab.research.google.com/github/epoch-research/ai-chip-counts/blob/main/trainium_timelines.ipynb,Estimates generated on: 02-13-2026 14:27,Trainium2,Joshua You,2026-02-13 22:31:47+00:00,Trainium2,500,125000000,107500000.0,142500000,4000,4000,1000000000
2025 Q2 - Siyuan 590,Cambricon,2025-04-01,2025-06-30,,29953,27230,40845,7749.0,7044.0,10567.0,,Cambricon methodology: https://docs.google.com/document/d/1LmVwqNAxL33wipBo7boVf5TRJusubmiLmACy2m0E2ew/edit?usp=sharing; quarterly allocation proportional to reported quarterly revenue,Siyuan 590,Venkat S,2026-05-12 18:24:22+00:00,Siyuan 590,200,5990600,5446000.0,8169000,,,0
Q3 2025 - TPU v6e,Google,2025-07-01,2025-09-30,,734300,557441,931809,681240.0,517161.0,864478.0,,Estimates generated on: 09-30-2026 14:07,TPU v6e,Joshua You,2026-09-30 18:11:45+00:00,TPU v6e,380,279034000,211827580.0,354087420,4300,4059,2980523700
Q3 2025 - TPU v7,Google,2025-07-01,2025-09-30,,51286,23124,78735,119573.0,53913.0,183569.0,,Estimates generated on: 09-30-2026 14:07,TPU v7,Joshua You,2026-09-30 18:11:45+00:00,TPU v7,960,49234560,22199040.0,75585600,13000,11737,601943782
Q3 2025 - H100/H200,Nvidia,2025-07-01,2025-09-30,,127307,106655,149793,127307.0,106655.0,149793.0,,Estimates generated on: 08-27-2026 15:06,H100/H200,Joshua You,2026-08-27 19:09:28+00:00,H100,700,89114900,74658500.0,104855100,25000,25000,3182675000
Q3 2025 - H20,Nvidia,2025-07-01,2025-09-30,,17117,13170,22268,2560.0,1969.0,3330.0,,Estimates generated on: 08-27-2026 15:06,H20,Joshua You,2026-08-27 19:09:28+00:00,H20,400,6846800,5268000.0,8907200,12000,12000,205404000
Q3 2025 - B200,Nvidia,2025-07-01,2025-09-30,,346088,295182,405375,874401.0,745785.0,1024191.0,,Estimates generated on: 08-27-2026 15:06,B200,Joshua You,2026-08-27 19:09:28+00:00,B200,1200,415305600,354218400.0,486450000,37000,37000,12805256000
Q3 2025 - B300,Nvidia,2025-07-01,2025-09-30,,541775,458975,636584,1368810.0,1159613.0,1608347.0,,Estimates generated on: 08-27-2026 15:06,B300,Joshua You,2026-08-27 19:09:28+00:00,B300,1400,758485000,642565000.0,891217600,43000,43000,23296325000
FY25 Q3 - MI300X,AMD,2025-07-01,2025-09-30,,45934,28688,67010,60694.0,37907.0,88542.0,,Estimates generated on: 08-27-2026 16:14,MI300X,Joshua You,2026-08-27 20:17:02+00:00,Instinct MI300X,750,34450500,21516000.0,50257500,12500,12500,574175000
FY25 Q3 - MI325X,AMD,2025-07-01,2025-09-30,,19634,7875,35449,25796.0,10347.0,46573.0,,Estimates generated on: 08-27-2026 16:14,MI325X,Joshua You,2026-08-27 20:17:02+00:00,Instinct MI325X,1000,19634000,7875000.0,35449000,15000,15000,294510000
FY25 Q3 - MI350X,AMD,2025-07-01,2025-09-30,,36199,27483,46786,84397.0,64076.0,109082.0,,Estimates generated on: 08-27-2026 16:14,MI350X,Joshua You,2026-08-27 20:17:02+00:00,Instinct MI350X,1000,36199000,27483000.0,46786000,23500,23500,850676500
FY25 Q3 - MI355X,AMD,2025-07-01,2025-09-30,,12411,8145,17503,31566.0,20716.0,44515.0,,Estimates generated on: 08-27-2026 16:14,MI355X,Joshua You,2026-08-27 20:17:02+00:00,Instinct MI355X,1400,17375400,11403000.0,24504200,27500,27500,341302500
Q3 2025 Ascend 910B,Huawei,2025-07-01,2025-09-30,,50000,37500,66500,16816.5,11946.5,23883.25,see methodology,Confidence intervals in units are relatively unprincipled due to lack of revenue model. Don't take them too literally. H100e conversion incorporates some uncertainty over average chip specifications. See methodology,Ascend 910B,Joshua You,2026-01-28 17:14:46+00:00,Ascend 910B,400,20000000,15000000.0,26600000,15000,15000,750000000
Q3 2025 Ascend 910C,Huawei,2025-07-01,2025-09-30,,150000,125000,175000,115147.25,97198.5,136010.75,see methodology,Confidence intervals in units are relatively unprincipled due to lack of revenue model. Don't take them too literally. H100e conversion incorporates some uncertainty over average chip specifications. See methodology,Ascend 910C,Joshua You,2026-01-28 17:14:46+00:00,Ascend 910C,700,105000000,87500000.0,122500000,20000,20000,3000000000
Q3 2025 Trainium2,Amazon,2025-07-01,2025-09-30,,290000,250000,330000,190353.0,164098.0,216609.0,https://colab.research.google.com/github/epoch-research/ai-chip-counts/blob/main/trainium_timelines.ipynb,Estimates generated on: 02-13-2026 14:27,Trainium2,Joshua You,2026-02-13 22:31:47+00:00,Trainium2,500,145000000,125000000.0,165000000,4000,4000,1160000000
2025 Q3 - Siyuan 590,Cambricon,2025-07-01,2025-09-30,,29235,26578,39866,7563.0,6877.0,10313.0,,Cambricon methodology: https://docs.google.com/document/d/1LmVwqNAxL33wipBo7boVf5TRJusubmiLmACy2m0E2ew/edit?usp=sharing; quarterly allocation proportional to reported quarterly revenue,Siyuan 590,Venkat S,2026-05-12 18:24:30+00:00,Siyuan 590,200,5847000,5315600.0,7973200,,,0
Q4 2025 - TPU v6e,Google,2025-10-01,2025-12-31,,408357,234493,585369,378850.0,217549.0,543071.0,,Estimates generated on: 09-30-2026 14:07,TPU v6e,Joshua You,2026-09-30 18:11:45+00:00,TPU v6e,380,155175660,89107340.0,222440220,4300,4059,1657521063
Q4 2025 - TPU v7,Google,2025-10-01,2025-12-31,,212828,147537,286692,496205.0,343980.0,668417.0,,Estimates generated on: 09-30-2026 14:07,TPU v7,Joshua You,2026-09-30 18:11:45+00:00,TPU v7,960,204314880,141635520.0,275224320,13000,11737,2497962236
Q4 2025 - H100/H200,Nvidia,2025-10-01,2025-12-31,,23384,19591,27515,23384.0,19591.0,27515.0,,Estimates generated on: 08-27-2026 15:06,H100/H200,Joshua You,2026-08-27 19:09:28+00:00,H100,700,16368800,13713700.0,19260500,25000,25000,584600000
Q4 2025 - B200,Nvidia,2025-10-01,2025-12-31,,417621,356193,489161,1055131.0,899931.0,1235879.0,,Estimates generated on: 08-27-2026 15:06,B200,Joshua You,2026-08-27 19:09:28+00:00,B200,1200,501145200,427431600.0,586993200,37000,37000,15451977000
Q4 2025 - B300,Nvidia,2025-10-01,2025-12-31,,743724,630060,873874,1879039.0,1591864.0,2207867.0,,Estimates generated on: 08-27-2026 15:06,B300,Joshua You,2026-08-27 19:09:28+00:00,B300,1400,1041213600,882084000.0,1223423600,43000,43000,31980132000
FY25 Q4 - MI300X,AMD,2025-10-01,2025-12-31,,11197,6702,17238,14795.0,8856.0,22778.0,,Estimates generated on: 08-27-2026 16:14,MI300X,Joshua You,2026-08-27 20:17:02+00:00,Instinct MI300X,750,8397750,5026500.0,12928500,12500,12500,139962500
"FY25 Q4 - MI325X
",AMD,2025-10-01,2025-12-31,,12777,6190,23245,16786.0,8132.0,30540.0,,Estimates generated on: 08-27-2026 16:14,MI325X,Joshua You,2026-08-27 20:17:02+00:00,Instinct MI325X,1000,12777000,6190000.0,23245000,15000,15000,191655000
FY25 Q4 - MI350X,AMD,2025-10-01,2025-12-31,,35183,24246,47204,82028.0,56529.0,110056.0,,Estimates generated on: 08-27-2026 16:14,MI350X,Joshua You,2026-08-27 20:17:02+00:00,Instinct MI350X,1000,35183000,24246000.0,47204000,23500,23500,826800500
FY25 Q4 - MI355X,AMD,2025-10-01,2025-12-31,,37063,27310,48994,94263.0,69459.0,124606.0,,Estimates generated on: 08-27-2026 16:14,MI355X,Joshua You,2026-08-27 20:17:02+00:00,Instinct MI355X,1400,51888200,38234000.0,68591600,27500,27500,1019232500
Q4 2025 Ascend 910B,Huawei,2025-10-01,2025-12-31,,50000,37500,66500,16816.5,11946.5,23883.25,see methodology,Confidence intervals in units are relatively unprincipled due to lack of revenue model. Don't take them too literally. H100e conversion incorporates some uncertainty over average chip specifications. See methodology,Ascend 910B,Joshua You,2026-01-28 17:14:46+00:00,Ascend 910B,400,20000000,15000000.0,26600000,15000,15000,750000000
Q4 2025 Ascend 910C,Huawei,2025-10-01,2025-12-31,,150000,125000,175000,115147.25,97198.5,136010.75,see methodology,Confidence intervals in units are relatively unprincipled due to lack of revenue model. Don't take them too literally. H100e conversion incorporates some uncertainty over average chip specifications. See methodology,Ascend 910C,Joshua You,2026-01-28 17:14:46+00:00,Ascend 910C,700,105000000,87500000.0,122500000,20000,20000,3000000000
Q4 2025 Trainium2,Amazon,2025-10-01,2025-12-31,,335000,285000,390000,219891.0,187071.0,255992.0,https://colab.research.google.com/github/epoch-research/ai-chip-counts/blob/main/trainium_timelines.ipynb,Estimates generated on: 02-13-2026 14:27,Trainium2,Joshua You,2026-02-13 22:31:47+00:00,Trainium2,500,167500000,142500000.0,195000000,4000,4000,1340000000
FY25 Q4 - MI308X,AMD,2025-10-01,2025-12-31,,31783,25910,39001,10498.0,8558.0,12883.0,,Estimates generated on: 08-27-2026 16:14,MI308X,Joshua You,2026-08-27 20:17:02+00:00,Instinct MI308X,750,23837250,19432500.0,29250750,12000,12000,381396000
2025 Q4 - Siyuan 590,Cambricon,2025-10-01,2025-12-31,,31995,29086,43630,8277.0,7525.0,11287.0,,Cambricon methodology: https://docs.google.com/document/d/1LmVwqNAxL33wipBo7boVf5TRJusubmiLmACy2m0E2ew/edit?usp=sharing; quarterly allocation proportional to reported quarterly revenue,Siyuan 590,Venkat S,2026-05-12 18:24:35+00:00,Siyuan 590,200,6399000,5817200.0,8726000,,,0
Q1 2026 - TPU v6e,Google,2026-01-01,2026-03-31,,155055,22205,280261,143851.0,20600.0,260010.0,,Estimates generated on: 09-30-2026 14:07,TPU v6e,Joshua You,2026-09-30 18:11:45+00:00,TPU v6e,380,58920900,8437900.0,106499180,4300,4059,629368245
Q1 2026 - TPU v7,Google,2026-01-01,2026-03-31,,334346,246138,434146,779523.0,573866.0,1012205.0,,Estimates generated on: 09-30-2026 14:07,TPU v7,Joshua You,2026-09-30 18:11:45+00:00,TPU v7,960,320972160,236292480.0,416780160,13000,11737,3924219002
Q1 2026 - B200,Nvidia,2026-01-01,2026-03-31,,347290,296207,406782,877438.0,748375.0,1027746.0,,Estimates generated on: 08-27-2026 15:06,B200,Joshua You,2026-08-27 19:09:28+00:00,B200,1200,416748000,355448400.0,488138400,37000,37000,12849730000
Q1 2026 - B300,Nvidia,2026-01-01,2026-03-31,,992874,841132,1166624,2508524.0,2125144.0,2947508.0,,Estimates generated on: 08-27-2026 15:06,B300,Joshua You,2026-08-27 19:09:28+00:00,B300,1400,1390023600,1177584800.0,1633273600,43000,43000,42693582000
FY26 Q1 - MI300X,AMD,2026-01-01,2026-03-31,,15390,9508,23624,20335.0,12564.0,31216.0,,Estimates generated on: 08-27-2026 16:14,MI300X,Joshua You,2026-08-27 20:17:23+00:00,Instinct MI300X,750,11542500,7131000.0,17718000,12500,12500,192375000
FY26 Q1 - MI325X,AMD,2026-01-01,2026-03-31,,13088,7487,22038,17196.0,9837.0,28954.0,,Estimates generated on: 08-27-2026 16:14,MI325X,Joshua You,2026-08-27 20:17:27+00:00,Instinct MI325X,1000,13088000,7487000.0,22038000,15000,15000,196320000
FY26 Q1 - MI350X,AMD,2026-01-01,2026-03-31,,32185,22638,43873,75040.0,52781.0,102291.0,,Estimates generated on: 08-27-2026 16:14,MI350X,Joshua You,2026-08-27 20:17:30+00:00,Instinct MI350X,1000,32185000,22638000.0,43873000,23500,23500,756347500
FY26 Q1 - MI355X,AMD,2026-01-01,2026-03-31,,45994,33649,57419,116978.0,85580.0,146034.0,,Estimates generated on: 08-27-2026 16:14,MI355X,Joshua You,2026-08-27 20:17:34+00:00,Instinct MI355X,1400,64391600,47108600.0,80386600,27500,27500,1264835000
Q1 2026 Ascend 910C,Huawei,2026-01-01,2026-03-31,,256783,83000,467000,202416.0,65000.0,368000.0,,Estimates generated on: 10-01-2026 17:15; H1 2026 update. See methodology: https://docs.google.com/document/d/1nPlAAB0HioI9LSk6u-LGEnVBvSAoc50MGXmMxOLv0fk/edit?usp=sharing,Ascend 910C,Joshua You,2026-10-01 22:13:25+00:00,Ascend 910C,700,179748100,58100000.0,326900000,20000,20000,5135660000
2026 Q1 - Siyuan 590,Cambricon,2026-01-01,2026-03-31,,47922,43500,52800,12398.0,11300.0,13700.0,https://docs.google.com/document/d/1LmVwqNAxL33wipBo7boVf5TRJusubmiLmACy2m0E2ew/edit?usp=sharing,Estimates generated on: 10-01-2026 17:15; Cambricon methodology: https://docs.google.com/document/d/1LmVwqNAxL33wipBo7boVf5TRJusubmiLmACy2m0E2ew/edit?usp=sharing; units from reported quarterly revenue and gross margin over estimated cost per chip,Siyuan 590,Joshua You,2026-10-01 21:55:55+00:00,Siyuan 590,200,9584400,8700000.0,10560000,,,0
Q2 2026 - TPU v6e,Google,2026-04-01,2026-06-30,,41792,0,81718,38772.0,0.0,75813.0,,Estimates generated on: 09-30-2026 14:07,TPU v6e,Joshua You,2026-09-30 18:11:45+00:00,TPU v6e,380,15880960,,31052840,4300,4059,169633728
Q2 2026 - TPU v7,Google,2026-04-01,2026-06-30,,616658,464587,775144,1437727.0,1083176.0,1807234.0,,Estimates generated on: 09-30-2026 14:07,TPU v7,Joshua You,2026-09-30 18:11:45+00:00,TPU v7,960,591991680,446003520.0,744138240,13000,11737,7237714946
Q2 2026 - H100/H200,Nvidia,2026-04-01,2026-06-30,,19355,16216,22774,19355.0,16216.0,22774.0,,Estimates generated on: 08-27-2026 15:06,H100/H200,Joshua You,2026-08-27 19:12:00+00:00,H100,700,13548500,11351200.0,15941800,25000,25000,483875000
Q2 2026 - B200,Nvidia,2026-04-01,2026-06-30,,223222,190388,261461,563976.0,481020.0,660588.0,,Estimates generated on: 08-27-2026 15:06,B200,Joshua You,2026-08-27 19:09:28+00:00,B200,1200,267866400,228465600.0,313753200,37000,37000,8259214000
Q2 2026 - B300,Nvidia,2026-04-01,2026-06-30,,1334041,1130158,1567495,3370492.0,2855376.0,3960320.0,,Estimates generated on: 08-27-2026 15:06,B300,Joshua You,2026-08-27 19:09:28+00:00,B300,1400,1867657400,1582221200.0,2194493000,43000,43000,57363763000
FY26 Q2 - MI300X,AMD,2026-04-01,2026-06-30,,16865,10601,25050,22284.0,14007.0,33099.0,,Estimates generated on: 08-27-2026 16:14,MI300X,Joshua You,2026-08-27 20:17:38+00:00,Instinct MI300X,750,12648750,7950750.0,18787500,12500,12500,210812500
FY26 Q2 - MI325X,AMD,2026-04-01,2026-06-30,,14237,8487,23693,18705.0,11150.0,31128.0,,Estimates generated on: 08-27-2026 16:14,MI325X,Joshua You,2026-08-27 20:17:41+00:00,Instinct MI325X,1000,14237000,8487000.0,23693000,15000,15000,213555000
FY26 Q2 - MI350X,AMD,2026-04-01,2026-06-30,,23351,12638,33799,54442.0,29465.0,78803.0,,Estimates generated on: 08-27-2026 16:14,MI350X,Joshua You,2026-08-27 20:17:45+00:00,Instinct MI350X,1000,23351000,12638000.0,33799000,23500,23500,548748500
FY26 Q2 - MI355X,AMD,2026-04-01,2026-06-30,,65068,53279,78127,165489.0,135506.0,198701.0,,Estimates generated on: 08-27-2026 16:14,MI355X,Joshua You,2026-08-27 20:17:48+00:00,Instinct MI355X,1400,91095200,74590600.0,109377800,27500,27500,1789370000
Q2 2026 Ascend 910C,Huawei,2026-04-01,2026-06-30,,171188,55000,311000,134944.0,44000.0,245000.0,,Estimates generated on: 10-01-2026 17:15; H1 2026 update. See methodology: https://docs.google.com/document/d/1nPlAAB0HioI9LSk6u-LGEnVBvSAoc50MGXmMxOLv0fk/edit?usp=sharing,Ascend 910C,Joshua You,2026-10-01 22:13:26+00:00,Ascend 910C,700,119831600,38500000.0,217700000,20000,20000,3423760000
2026 Q2 - Siyuan 590,Cambricon,2026-04-01,2026-06-30,,47795,42700,53400,12365.0,11100.0,13800.0,https://docs.google.com/document/d/1LmVwqNAxL33wipBo7boVf5TRJusubmiLmACy2m0E2ew/edit?usp=sharing,Estimates generated on: 10-01-2026 17:15; Cambricon methodology: https://docs.google.com/document/d/1LmVwqNAxL33wipBo7boVf5TRJusubmiLmACy2m0E2ew/edit?usp=sharing; units from reported quarterly revenue and gross margin over estimated cost per chip,Siyuan 590,Joshua You,2026-10-01 21:55:55+00:00,Siyuan 590,200,9559000,8540000.0,10680000,,,0
Q2 2026 - TPU v8i,Google,2026-04-01,2026-06-30,,25654,7344,45979,130928.0,37480.0,234658.0,,Estimates generated on: 09-30-2026 14:07,TPU v8i,Joshua You,2026-09-30 18:11:46+00:00,TPU v8i,,0,0.0,0,17500,,0
Q2 2026 Ascend 950PR,Huawei,2026-04-01,2026-06-30,,138000,108000,168000,69732.0,55000.0,85000.0,https://docs.google.com/document/d/1nPlAAB0HioI9LSk6u-LGEnVBvSAoc50MGXmMxOLv0fk/edit?usp=sharing,Estimates generated on: 10-08-2026 10:46; H1 2026 update. See methodology: https://docs.google.com/document/d/1nPlAAB0HioI9LSk6u-LGEnVBvSAoc50MGXmMxOLv0fk/edit?usp=sharing,Ascend 950PR,Joshua You,2026-10-08 14:56:55+00:00,Ascend 950PR,,0,0.0,0,,,0
Q3 2026 - TPU v7,Google,2026-07-01,2026-09-30,True,274866,208248,342959,640846.0,485526.0,799602.0,,Incomplete: based on Broadcom fiscal quarters ending 08/02/2026. Estimates generated on: 09-30-2026 14:07,TPU v7,Joshua You,2026-09-30 18:11:46+00:00,TPU v7,960,263871360,199918080.0,329240640,13000,11737,3226102242
Q3 2026 - H100/H200,Nvidia,2026-07-01,2026-09-30,True,7742,6486,9109,7742.0,6486.0,9109.0,,Incomplete: based on Nvidia fiscal quarters ending 7/26/2026. Estimates generated on: 08-27-2026 15:06,H100/H200,Joshua You,2026-08-27 19:12:04+00:00,H100,700,5419400,4540200.0,6376300,25000,25000,193550000
Q3 2026 - B200,Nvidia,2026-07-01,2026-09-30,True,53190,45367,62302,134386.0,114621.0,157407.0,,Incomplete: based on Nvidia fiscal quarters ending 7/26/2026. Estimates generated on: 08-27-2026 15:06,B200,Joshua You,2026-08-27 19:12:07+00:00,B200,1200,63828000,54440400.0,74762400,37000,37000,1968030000
Q3 2026 - B300,Nvidia,2026-07-01,2026-09-30,True,408897,346405,480453,1033089.0,875202.0,1213878.0,,Incomplete: based on Nvidia fiscal quarters ending 7/26/2026. Estimates generated on: 08-27-2026 15:06,B300,Joshua You,2026-08-27 19:12:12+00:00,B300,1400,572455800,484967000.0,672634200,43000,43000,17582571000
Q3 2026 - TPU v8i,Google,2026-07-01,2026-09-30,True,14596,4178,26160,74493.0,21325.0,133512.0,,Incomplete: based on Broadcom fiscal quarters ending 08/02/2026. Estimates generated on: 09-30-2026 14:07,TPU v8i,Joshua You,2026-09-30 18:11:46+00:00,TPU v8i,,0,0.0,0,17500,,0
